position,MC,BG,BGR,BPR,BP,PTS,PTB,year,country,champion
1,Teorema,5,2,1,1,20,3148,2019,CHILE,True
2,Acertijo,4,3,0,2,18,3114,2019,CHILE,False
3,Nitro,3,2,3,1,16,2944,2019,CHILE,False
4,Ricto,2,4,1,2,15,3125,2019,CHILE,False
5,El Menor,3,2,1,3,14,2977,2019,CHILE,False
6,Tom Crowley,2,2,2,3,12,3006,2019,CHILE,False
7,Pepe Grillo,2,2,2,3,12,2804,2019,CHILE,False
8,Drose,1,0,7,1,10,2912,2019,CHILE,False
9,Kaiser,0,3,4,2,10,2731,2019,CHILE,False
10,Stigma,0,3,2,4,8,2871,2019,CHILE,False
1,Nitro,3,3,3,0,18,2881,2020,CHILE,True
2,Acertijo,4,2,1,2,17,"3039,5",2020,CHILE,False
3,Pepe Grillo,3,3,1,2,16,"3025,5",2020,CHILE,False
4,Jokker,3,2,3,1,16,"2954,5",2020,CHILE,False
5,Tom Crowley,2,2,3,2,13,2950,2020,CHILE,False
6,Joqerr,1,4,2,2,13,"2943,5",2020,CHILE,False
7,Ricto,1,2,5,1,12,"3002,5",2020,CHILE,False
8,Teorema,0,4,4,1,12,"2908,5",2020,CHILE,False
9,El Menor,1,3,1,4,10,2750,2020,CHILE,False
10,Esezeta,1,1,3,4,8,2760,2020,CHILE,False
1,Nitro,9,0,2,0,29,"2790,5",2022,CHILE,True
2,Basek,5,3,1,2,22,2777,2022,CHILE,False
3,Joqerr,4,3,2,2,20,"2674,5",2022,CHILE,False
4,Acertijo,3,3,4,1,19,"2747,5",2022,CHILE,False
5,Rodamiento,3,4,0,4,17,2701,2022,CHILE,False
6,Teorema,3,4,0,4,17,2683,2022,CHILE,False
7,Metalingüística,3,2,3,3,16,2648,2022,CHILE,False
8,Anubis,3,2,2,4,15,"2686,5",2022,CHILE,False
9,Tom Crowley,2,2,2,5,12,"2537,5",2022,CHILE,False
10,JNO,2,0,5,4,11,2680,2022,CHILE,False
11,Jokker,1,1,5,4,10,2621,2022,CHILE,False
12,Erreka,0,4,2,5,10,2561,2022,CHILE,False
1,Acertijo,4,0,0,1,12,"791,5",2023A,CHILE,False
2,Teorema,4,0,0,1,12,808,2023A,CHILE,False
3,El Menor,3,0,0,2,10,"836,5",2023A,CHILE,True
2,Basek,2,1,2,0,10,"785,5",2023B,CHILE,False
1,Rodamiento,2,2,0,1,10,795,2023B,CHILE,False
4,Joqerr,3,0,0,2,9,"723,5",2023B,CHILE,False
3,Klan,3,0,0,2,9,"799,5",2023B,CHILE,False
5,Sawi Elekipo,1,1,1,2,6,"743,5",2023B,CHILE,False
4,Jair Wong,1,1,0,3,5,"700,5",2023A,CHILE,False
6,Anubis,0,1,1,3,3,761,2023A,CHILE,False
5,Satim,1,0,0,4,3,"704,5",2023A,CHILE,False
6,Nasho,0,0,1,4,1,"723,5",2023B,CHILE,False
