position,MC,BG,BGR,BPR,BP,PTS,PTB,year,country,champion
1,Jaze,4,4,0,1,20,2690.0,2020,PERU,True
2,Stick,4,2,2,1,18,2671.0,2020,PERU,False
3,Jota,2,3,2,2,14,2424.0,2020,PERU,False
4,Strike,2,3,2,2,14,2370.0,2020,PERU,False
5,Skill,2,2,3,2,13,2637.0,2020,PERU,False
6,Nekroos,2,3,1,3,13,229129.0,2020,PERU,False
7,New Era,2,2,3,2,13,189683.0,2020,PERU,False
8,Ramset,0,4,4,1,12,2434.5,2020,PERU,False
9,Choque,3,0,2,4,11,141471.0,2020,PERU,False
10,Litzen,1,0,4,4,7,2385.0,2020,PERU,False
1,Jaze,5,1,5,0,22,3134.5,2022,PERU,True
2,Nekroos,4,4,2,1,22,3006.0,2022,PERU,False
3,Stick,3,5,2,1,21,2987.0,2022,PERU,False
4,Black Code,3,3,4,1,19,2989.0,2022,PERU,False
5,Jota,3,5,0,3,19,2851.0,2022,PERU,False
6,Skill,1,5,3,2,16,2933.5,2022,PERU,False
7,Kian,1,5,2,3,15,3073.0,2022,PERU,False
8,Vijay Kesh,2,2,4,2,14,2711.0,2022,PERU,False
9,Diego MC,2,1,5,3,13,2882.5,2022,PERU,False
10,Jair Wong,2,1,5,3,13,2868.5,2022,PERU,False
11,Ghost,2,2,3,4,13,2793.0,2022,PERU,False
12,Strike,1,2,1,6,8,2572.0,2022,PERU,False
1,Nekroos,3,2,0,0,13,820.0,2023A,PERU,False
1,Stick,3,2,0,0,13,754.0,2023B,PERU,False
2,Filósofo,2,2,1,0,11,781.0,2023B,PERU,False
2,Black Code,3,0,0,2,9,794.5,2023A,PERU,False
3,Skill,2,0,2,1,8,770.0,2023B,PERU,True
3,Cacha,2,1,0,2,8,796.5,2023A,PERU,False
4,Kian,1,0,2,2,7,743.5,2023A,PERU,False
4,Jota,1,1,2,1,7,735.0,2023B,PERU,False
5,Racso,2,0,1,2,5,749.0,2023A,PERU,False
5,Piero Pistas,0,1,2,2,4,688.5,2023B,PERU,False
6,Litzen,1,0,0,4,3,693.5,2023A,PERU,False
6,Vijay Kesh,0,1,0,4,2,719.0,2023B,PERU,False
