position,MC,BG,BGR,BPR,BP,PTS,PTB,year,country,champion
1,Wos,8,0,1,0,25,2868,2018,ARG,True
2,Papo,7,0,0,2,21,2796,2018,ARG,False
3,MKS,3,3,0,3,15,2552,2018,ARG,False
4,Replik,3,1,3,2,14,2634,2018,ARG,False
5,Dtoke,3,1,3,2,14,2540,2018,ARG,False
6,Dani,1,3,1,4,10,2586,2018,ARG,False
7,Stuart,2,2,0,5,10,2515,2018,ARG,False
8,Klan,2,1,1,5,9,2543,2018,ARG,False
9,Cacha,2,1,1,5,9,2541,2018,ARG,False
10,Trueno,1,1,3,4,8,2642,2018,ARG,False
1,Trueno,5,0,3,1,18,3117,2019,ARG,True
2,MKS,4,2,2,1,18,2911,2019,ARG,False
3,Papo,4,1,3,1,17,3107,2019,ARG,False
4,Stuart,3,3,1,2,16,2934,2019,ARG,False
5,Cacha,1,5,3,0,16,2898,2019,ARG,False
6,Dtoke,2,3,2,1,14,2867,2019,ARG,False
7,Klan,2,3,1,3,13,2828,2019,ARG,False
8,Nacho,2,2,1,4,11,2813,2019,ARG,False
9,Sub,1,2,1,5,8,2760,2019,ARG,False
10,Replik,0,0,4,5,4,2611,2019,ARG,False
1,Stuart,3,5,1,0,20,"2980,5",2020,ARG,True
2,Papo,5,1,3,0,20,"2969,5",2020,ARG,False
3,Mecha,4,2,2,1,18,2993,2020,ARG,False
4,Klan,1,6,1,1,16,"2811,5",2020,ARG,False
5,Nacho,3,2,2,2,15,2891,2020,ARG,False
6,Wolf,1,3,3,2,12,2702,2020,ARG,False
7,Dtoke,0,3,5,1,11,2670,2020,ARG,False
8,MKS,2,1,2,4,10,2751,2020,ARG,False
9,Cacha,0,2,4,3,8,"2739,5",2020,ARG,False
10,Sub,0,1,3,5,5,"2684,5",2020,ARG,False
1,Papo,7,2,2,0,27,2879,2022,ARG,True
2,Mecha,7,2,1,1,26,2936,2022,ARG,False
3,Larrix,6,1,4,0,24,2952,2022,ARG,False
4,Klan,5,2,2,2,21,"2742,5",2022,ARG,False
5,Stuart,4,3,2,2,20,"2793,5",2022,ARG,False
6,Naista,3,1,4,3,15,"2724,5",2022,ARG,False
7,MP,3,2,1,5,14,"2685,5",2022,ARG,False
8,Nacho,1,3,3,4,12,"2683,5",2022,ARG,False
9,Zaina,2,3,0,6,12,"2649,5",2022,ARG,False
10,Katra,1,2,4,4,11,2684,2022,ARG,False
11,Wolf,2,2,1,6,11,2620,2022,ARG,False
12,Tata,0,2,1,8,5,2419,2022,ARG,False
1,Larrix,5,0,0,0,15,964,2023B,ARG,True
1,Rapder,3,1,0,1,11,"911,5",2023A,ARG,False
2,DAC,3,1,0,1,11,847,2023A,ARG,False
3,Dybbuk,3,1,0,2,8,826,2023A,ARG,False
4,CTZ,1,1,3,0,8,927,2023A,ARG,False
5,G Sony,2,0,1,2,7,895,2023A,ARG,False
2,Mito,2,0,1,2,7,872,2023B,ARG,False
3,MP,2,0,1,2,7,872,2023B,ARG,False
5,Jesse Pungaz,2,0,0,3,6,892,2023B,ARG,False
4,Naista,2,0,0,3,6,837,2023B,ARG,False
6,Jaff,0,2,0,3,4,882,2023B,ARG,False
6,Dtoke,1,2,0,0,0,"517,5",2023A,ARG,False
