position,MC,BG,BGR,BPR,BP,PTS,PTB,year,country,champion
1,Aczino,9,0,0,0,27,3374,2019,MEX,True
2,RC,5,1,2,1,18,2929,2019,MEX,False
3,Jony Beltrán,5,0,3,1,16,2920,2019,MEX,False
4,Zticma,3,3,3,0,15,2551,2019,MEX,False
5,Rapder,3,1,2,3,14,2705,2019,MEX,False
6,Yoiker,2,3,2,2,14,2685,2019,MEX,False
7,Potencia,3,2,4,0,13,2401,2019,MEX,False
8,Lobo Estepario,2,2,3,2,12,2629,2019,MEX,False
9,Jack Adrenalina,1,0,7,1,4,2350,2019,MEX,False
10,Mcklopedia,0,0,7,2,2,2375,2019,MEX,False
1,Rapder,6,2,0,1,23,"2534,5",2020,MEX,True
2,RC,5,0,0,4,19,2590,2020,MEX,False
3,Skiper,3,3,1,2,17,"2563,5",2020,MEX,False
4,Lobo Estepario,5,1,3,0,17,"2400,5",2020,MEX,False
5,Garza,4,1,2,2,16,2366,2020,MEX,False
6,Yoiker,3,2,2,2,15,2429,2020,MEX,False
7,Zticma,2,1,5,1,9,2288,2020,MEX,False
8,Jony Beltrán,1,2,5,1,8,2331,2020,MEX,False
9,Potencia,2,1,6,0,8,2209,2020,MEX,False
10,B-One,0,1,7,1,3,"2149,5",2020,MEX,False
1,Aczino,9,1,1,0,30,3057,2022,MEX,True
2,Lobo Estepario,6,4,1,0,27,3016,2022,MEX,False
3,Skiper,5,2,4,0,23,"2865,5",2022,MEX,False
4,Rapder,4,3,2,2,20,2768,2022,MEX,False
5,RC,3,3,2,3,17,"2870,5",2022,MEX,False
6,Yoiker,1,5,2,3,15,2710,2022,MEX,False
7,Dante,1,3,4,3,13,"2783,5",2022,MEX,False
8,Zticma,2,3,1,5,13,2760,2022,MEX,False
9,Garza,0,3,6,2,12,"2788,5",2022,MEX,False
10,Lancer Lirical,1,2,4,4,11,2681,2022,MEX,False
11,Jony Beltrán,1,2,3,5,10,2754,2022,MEX,False
12,Dominic,0,2,3,6,7,"2717,5",2022,MEX,False
1,Lobo Estepario,5,0,0,0,15,"929,5",2023B,MEX,True
2,Dante,3,0,0,2,12,"868,5",2023B,MEX,False
1,Chang,2,2,1,0,11,857,2023A,MEX,False
2,Lancer Lirical,3,0,1,2,10,"855,5",2023A,MEX,False
3,Ari Carrilo,2,2,0,1,10,"837,5",2023A,MEX,False
4,Zticma,2,0,2,1,8,"866,5",2023A,MEX,False
5,Majestic,2,0,0,3,6,819,2023A,MEX,False
3,RC,3,0,0,2,6,"847,5",2023B,MEX,False
5,Dominic,2,0,0,3,6,814,2023B,MEX,False
4,Kaiser,1,1,0,3,6,837,2023B,MEX,False
6,Skiper,2,1,0,0,0,687,2023A,MEX,False
6,Lobo Lopez,0,0,1,2,0,"325,5",2023B,MEX,False
