position,MC,BG,BGR,BPR,BP,PTS,PTB,year,country,champion
1,Meta,4,1,0,0,14,534,2023A,CAR,False
1,Letra,4,1,0,0,14,"882,5",2023B,CAR,True
3,Aldair,3,0,1,1,10,"513,5",2023A,CAR,False
2,SNK,2,1,2,2,10,"508,5",2023A,CAR,False
2,Ritmodelia,3,0,1,1,10,844,2023B,CAR,False
4,Switch,2,1,0,2,8,460,2023A,CAR,False
3,Reverse,1,1,2,1,7,789,2023B,CAR,False
4,Jony Beltrán,2,0,0,3,6,832,2023B,CAR,False
5,Zaki,0,2,0,3,4,856,2023B,CAR,False
6,Yartzi,1,0,1,3,4,"789,5",2023B,CAR,False
5,Replik,2,0,0,1,0,"521,5",2023A,CAR,False
6,Éxodo Lirical,1,0,0,0,0,"362,5",2023A,CAR,False
