position,MC,BG,BGR,BPR,BP,PTS,PTB,year,country,champion
1,Valles-T,6,4,1,0,27,"2660,5",2022,COL,True
2,Chang,7,3,0,1,27,2616,2022,COL,False
3,Lokillo,4,3,3,1,21,"2549,5",2022,COL,False
4,Filósofo,4,1,4,2,18,"2578,5",2022,COL,False
5,Airon,4,1,3,3,17,"2459,5",2022,COL,False
6,Letra,2,3,5,1,17,"2450,5",2022,COL,False
7,RBN,2,5,1,3,17,2383,2022,COL,False
8,Carpediem,3,1,3,4,14,"2478,5",2022,COL,False
9,Elevn,1,3,2,5,11,"2473,5",2022,COL,False
10,Big Killa,3,0,2,6,11,2362,2022,COL,False
11,Ñko,1,2,3,5,10,2437,2022,COL,False
12,Gavyria,1,2,1,7,8,2364,2022,COL,False
1,Valles - T,5,0,0,0,15,"914,5",2023A,COL,True
1,Valles - T,5,0,0,0,15,"914,5",2023B,COL,True
2,Marithea,4,0,0,1,12,824,2023B,COL,False
2,Marithea,4,0,0,1,12,824,2023A,COL,False
3,RBN,2,1,0,2,8,"830,5",2023B,COL,False
3,RBN,2,1,0,2,8,"830,5",2023A,COL,False
4,Coloso,2,0,1,2,7,"706,5",2023A,COL,False
4,Coloso,2,0,1,2,7,"706,5",2023B,COL,False
5,Stuart,1,1,1,0,0,"719,5",2023A,COL,False
6,Carpediem,0,0,2,2,0,"636,5",2023A,COL,False
5,Stuart,1,1,1,0,0,"719,5",2023B,COL,False
6,Carpediem,0,0,2,2,0,"636,5",2023B,COL,False
