position,MC,BG,BGR,BPR,BP,PTS,PTB,year,country,champion
1,Chuty,8,1,0,0,26,3544.0,2017,ESP,True
2,Skone,5,1,0,3,17,3171.0,2017,ESP,False
3,Blon,4,1,0,4,14,3200.0,2017,ESP,False
4,BTA,4,0,2,3,14,3172.0,2017,ESP,False
5,Errecé,3,1,2,3,13,3273.0,2017,ESP,False
6,Zasko,4,0,0,5,12,3106.0,2017,ESP,False
7,Arkano,3,1,1,4,12,3102.0,2017,ESP,False
8,Hander,2,1,2,4,10,3057.0,2017,ESP,False
9,Invert,2,1,1,5,9,2941.0,2017,ESP,False
10,Mr. Ego,2,1,0,6,8,3040.0,2017,ESP,False
1,Chuty,7,1,1,0,24,3546.0,2018,ESP,True
2,Walls,5,0,2,1,18,3226.0,2018,ESP,False
3,Skone,3,3,1,2,16,3220.0,2018,ESP,False
4,Blon,3,2,2,2,14,3333.0,2018,ESP,False
5,Errecé,3,1,2,3,13,2934.0,2018,ESP,False
6,Zasko,3,1,1,4,12,2973.0,2018,ESP,False
7,Arkano,2,3,0,4,12,2969.0,2018,ESP,False
8,BTA,2,2,0,5,10,3030.0,2018,ESP,False
9,Force,1,1,3,4,8,3030.0,2018,ESP,False
10,Hander,1,1,3,4,8,3023.0,2018,ESP,False
1,Chuty,8,0,1,0,25,3523.0,2019,ESP,True
2,Skone,5,3,0,1,21,3215.0,2019,ESP,False
3,Bnet,6,0,1,2,19,3233.0,2019,ESP,False
4,Blon,4,1,2,2,16,3037.0,2019,ESP,False
5,Errecé,3,1,1,4,12,2929.0,2019,ESP,False
6,Walls,3,0,2,4,11,3122.0,2019,ESP,False
7,Mr. Ego,1,2,3,3,10,2982.0,2019,ESP,False
8,Zasko,1,2,1,5,8,2940.0,2019,ESP,False
9,Force,1,2,0,6,7,2682.0,2019,ESP,False
10,BTA,1,1,1,6,6,2858.0,2019,ESP,False
1,Bnet,6,2,0,1,22,325553.0,2020,ESP,True
2,Gazir,6,1,0,2,20,3179.0,2020,ESP,False
3,Sweetpain,5,1,3,0,20,2757.0,2020,ESP,False
4,Mnak,5,1,1,2,18,2589.0,2020,ESP,False
5,Zasko,3,3,0,3,15,243374.0,2020,ESP,False
6,Tirpa,3,1,1,4,12,2539.0,2020,ESP,False
7,Blon,3,0,2,4,11,2733.0,2020,ESP,False
8,Mr. Ego,3,0,1,5,10,163020.0,2020,ESP,False
9,Errecé,1,1,2,5,7,2440.0,2020,ESP,False
10,Khan,0,0,0,9,0,31533.0,2020,ESP,False
1,Gazir,9,1,1,0,30,3073.5,2022,ESP,True
2,Chuty,8,2,1,0,29,3038.5,2022,ESP,False
3,Mnak,6,1,4,0,24,2751.0,2022,ESP,False
4,Skone,5,2,0,4,19,2730.5,2022,ESP,False
5,Blon,5,1,0,5,17,2660.0,2022,ESP,False
6,Zasko,4,2,1,4,17,2559.5,2022,ESP,False
7,Sweet Pain,4,1,3,3,16,2638.0,2022,ESP,False
8,Elekipo,2,3,1,5,13,2490.0,2022,ESP,False
9,Tirpa,2,1,3,5,11,2469.5,2022,ESP,False
10,Sara Socas,2,1,2,6,10,2405.5,2022,ESP,False
11,Mr. Ego,1,3,0,7,9,2458.0,2022,ESP,False
12,Hander,0,0,2,9,2,2357.5,2022,ESP,False
1,Chuty,5,0,0,0,15,1000.0,2023B,ESP,False
1,Gazir,4,0,1,0,13,942.0,2023A,ESP,True
2,Mecha,3,2,0,1,11,894.5,2023A,ESP,False
3,Mnak,3,0,0,2,9,839.5,2023A,ESP,False
4,Zasko,2,1,1,1,9,831.5,2023A,ESP,False
2,Mounts,2,1,0,2,8,779.5,2023B,ESP,False
3,Sweet Pain,1,2,1,1,8,854.5,2023B,ESP,False
4,Skone,2,0,1,2,7,836.0,2023B,ESP,False
5,Blon,2,0,1,2,7,838.0,2023B,ESP,False
5,Tirpa,1,0,0,4,3,790.5,2023A,ESP,False
6,Jesús Lc,0,0,0,5,0,743.5,2023A,ESP,False
6,Le33,0,0,0,5,0,760.0,2023B,ESP,False
